id	url	source	notes
1	https://jobs.ashbyhq.com/vapi/a69077ea-c968-42ae-bb74-bd782c790211	core	Vapi | Agent Engineer
2	https://jobs.ashbyhq.com/elevenlabs/b081fafb-3659-4bf6-8e87-eb5ccc3ff234	core	ElevenLabs | Enterprise Solutions Engineer - Spain
3	https://jobs.ashbyhq.com/elevenlabs/e53c5be6-5c1a-4870-ad85-8397a1f201de	core	ElevenLabs | Data Engineer
4	https://jobs.ashbyhq.com/deepgram/9a030b32-d671-43e0-a221-4653bb73ba29	core	Deepgram | Research Engineer, Machine Learning Systems
5	https://jobs.ashbyhq.com/deepgram/f424ef6a-c27f-4984-9e77-40a1ad16ae28	core	Deepgram | Site Reliability Engineer - AI & ML Infrastructure (Kubernetes, AWS & Terraform)
6	https://jobs.ashbyhq.com/deepgram/7c7064bb-2bf0-4f64-81cc-14afe79a15c1	core	Deepgram | Backend Software Engineer - Engine Team (Voice Agent)
7	https://jobs.ashbyhq.com/deepgram/4a873ede-8555-42ae-9ddc-ac89afdd7278	core	Deepgram | Software Engineer, Voice Agents / AI - Deepgram for Restaurants
8	https://jobs.ashbyhq.com/deepgram/7ced4c1f-4126-44fe-9cf1-da427a9e4e3e	core	Deepgram | ML Ops Infrastructure Engineer
9	https://job-boards.greenhouse.io/anthropic/jobs/4956672008	core	Anthropic | Analytics Data Engineer
10	https://job-boards.greenhouse.io/anthropic/jobs/5183044008	core	Anthropic | Anthropic Fellows Program, AI Safety
11	https://job-boards.greenhouse.io/anthropic/jobs/5030244008	core	Anthropic | Anthropic Fellows Program, AI Security
12	https://job-boards.greenhouse.io/anthropic/jobs/5183051008	core	Anthropic | Anthropic Fellows Program, ML Systems & Performance
13	https://job-boards.greenhouse.io/anthropic/jobs/5068226008	core	Anthropic | Applied AI Engineer, Beneficial Deployments
14	https://job-boards.greenhouse.io/anthropic/jobs/5057647008	core	Anthropic | Applied AI Engineer, Enterprise Tech
15	https://job-boards.greenhouse.io/anthropic/jobs/5111942008	core	Anthropic | Applied AI Engineer, Life Sciences (Beneficial Deployments)
16	https://job-boards.greenhouse.io/anthropic/jobs/5156057008	core	Anthropic | Data Engineer, Safeguards
17	https://job-boards.greenhouse.io/anthropic/jobs/5197529008	core	Anthropic | Data Scientist, Developer Productivity
18	https://job-boards.greenhouse.io/anthropic/jobs/5196852008	core	Anthropic | Data Scientist, GTM
19	https://job-boards.greenhouse.io/anthropic/jobs/5161402008	core	Anthropic | Data Scientist, Marketing
20	https://job-boards.greenhouse.io/anthropic/jobs/5116820008	core	Anthropic | Data Scientist, Platform Product
21	https://job-boards.greenhouse.io/anthropic/jobs/5232055008	core	Anthropic | Data Scientist, Policy
22	https://job-boards.greenhouse.io/anthropic/jobs/5209196008	core	Anthropic | Data Scientist, Safeguards
23	https://job-boards.greenhouse.io/anthropic/jobs/5212119008	core	Anthropic | Data Scientist, Supply
24	https://job-boards.greenhouse.io/anthropic/jobs/4952079008	core	Anthropic | Machine Learning Systems Engineer, Research Tools
25	https://job-boards.greenhouse.io/anthropic/jobs/4778843008	core	Anthropic | ML Infrastructure Engineer, Safeguards
26	https://job-boards.greenhouse.io/anthropic/jobs/4949336008	core	Anthropic | ML/Research Engineer, Safeguards
27	https://job-boards.greenhouse.io/anthropic/jobs/5125083008	core	Anthropic | Research Engineer, AI Observability
28	https://job-boards.greenhouse.io/anthropic/jobs/5115935008	core	Anthropic | Research Engineer, Machine Learning (Reinforcement Learning)
29	https://job-boards.greenhouse.io/anthropic/jobs/4613568008	core	Anthropic | Research Engineer, Machine Learning (Reinforcement Learning)
30	https://job-boards.greenhouse.io/anthropic/jobs/5198074008	core	Anthropic | Research Engineer, Machine Learning (RL Velocity)
31	https://job-boards.greenhouse.io/intercom/jobs/7824137	core	Intercom | AI Infrastructure Engineer
32	https://job-boards.greenhouse.io/intercom/jobs/7921414	core	Intercom | Senior AI Deployment Consultant - Partners
33	https://job-boards.greenhouse.io/intercom/jobs/7749323	core	Intercom | Senior Data Scientist
34	https://job-boards.greenhouse.io/intercom/jobs/7314809	core	Intercom | Senior Data Scientist - AI Tooling
35	https://job-boards.greenhouse.io/intercom/jobs/7606649	core	Intercom | Senior Data Scientist AI Tooling
36	https://job-boards.greenhouse.io/intercom/jobs/6317929	core	Intercom | Senior Data Scientist - Product Analytics
37	https://job-boards.greenhouse.io/intercom/jobs/6949785	core	Intercom | Senior Engineer, AI Developer
38	https://job-boards.greenhouse.io/intercom/jobs/7372016	core	Intercom | Senior Machine Learning Scientist
39	https://job-boards.greenhouse.io/intercom/jobs/6531495	core	Intercom | Senior Machine Learning Scientist
40	https://job-boards.greenhouse.io/intercom/jobs/6276021	core	Intercom | Senior Product Engineer, AI
41	https://job-boards.greenhouse.io/intercom/jobs/6466001	core	Intercom | Senior Product Engineer - AI Platform
42	https://job-boards.greenhouse.io/intercom/jobs/7382846	core	Intercom | Senior Product Engineer, AI Platform
43	https://job-boards.greenhouse.io/intercom/jobs/7393950	core	Intercom | Staff Product Engineer, AI
44	https://jobs.ashbyhq.com/decagon/90c40e13-345e-4855-944e-c8f6b462a78e	core	Decagon | Senior Software Engineer, Agents
45	https://jobs.ashbyhq.com/decagon/43cf5cfe-dafc-415e-955f-1572d1dc0a8e	core	Decagon | Senior Data Scientist
46	https://jobs.ashbyhq.com/decagon/28366d07-ae89-428c-8593-1840591bfc18	core	Decagon | Software Engineer, Agents
47	https://jobs.ashbyhq.com/decagon/75f544ae-7838-4ffa-9e6b-33d7e2b6ea2b	core	Decagon | Senior Software Engineer, Agent Orchestration
48	https://jobs.ashbyhq.com/decagon/7c1282fb-0ab5-47d1-9d06-6804842317f2	core	Decagon | Research Engineer, Agents
49	https://jobs.ashbyhq.com/sierra/b7d1dbcd-ca72-472f-b15e-5b4b0f886be0	core	Sierra | Software Engineer, Agent
50	https://jobs.ashbyhq.com/sierra/b3829801-8e0b-4047-8cd8-8a51c87028fd	core	Sierra | Software Engineer, Agent Architecture
51	https://jobs.ashbyhq.com/sierra/9ebc3a79-82bf-478d-bd98-d473d41bdeaf	core	Sierra | Software Engineer, Agent (German speaking)
52	https://jobs.ashbyhq.com/sierra/9d9e7d4a-2a27-4f64-9b1f-d79c5d3f129a	core	Sierra | Software Engineer, Agent (French speaking)
53	https://jobs.ashbyhq.com/sierra/aadfc0a0-93f6-454b-9767-c24793fa3eff	core	Sierra | Software Engineer, Agent (Spanish speaking)
54	https://jobs.ashbyhq.com/sierra/0c892d11-9f19-4b8d-9c2b-409346c52b7a	core	Sierra | Software Engineer, Agent Data Platform
55	https://jobs.ashbyhq.com/sierra/2dee25a0-a0c1-425e-b67a-9d49fc821369	core	Sierra | Agent Engineer, TLM
56	https://jobs.ashbyhq.com/sierra/2fdb200f-c5cf-420c-9997-5e5cea6e1e20	core	Sierra | Software Engineer, Agent Builder
57	https://jobs.ashbyhq.com/sierra/6207b02d-d334-4000-b84e-2af779171838	core	Sierra | Software Engineer, Agent (Italian speaking)
58	https://jobs.ashbyhq.com/sierra/ce463311-0c6c-43d9-ab79-dd751743104f	core	Sierra | Software Engineer, Agent (Arabic speaking)
59	https://jobs.ashbyhq.com/sierra/eb3ee157-3d2a-412a-88a2-e2cfc5647a66	core	Sierra | Software Engineer, Agent - Healthcare
60	https://jobs.ashbyhq.com/sierra/85e1d0f9-e0d5-4a82-9b30-fa4372e32872	core	Sierra | GTM Operations, Agent Development
61	https://jobs.ashbyhq.com/sierra/b8a89b9a-70a1-4e47-874c-41542d1bc60a	core	Sierra | Software Engineer, Agent (Korean Speaking)
62	https://jobs.ashbyhq.com/sierra/1162dcd2-b181-49d5-9316-342cd68acbed	core	Sierra | Software Engineer, Agent (Thai Speaking)
63	https://jobs.ashbyhq.com/sierra/a4541730-ae7f-4771-b3e9-7f9da6cc5d23	core	Sierra | Software Engineer, Agent (Cantonese Speaking)
64	https://job-boards.greenhouse.io/vercel/jobs/5704320004	core	Vercel | Software Engineer, Agent
65	https://job-boards.greenhouse.io/vercel/jobs/5798406004	core	Vercel | Software Engineer, AI Gateway
66	https://job-boards.greenhouse.io/vercel/jobs/5474915004	core	Vercel | Software Engineer, AI SDK
67	https://coreweave.com/careers/job?4680813006&board=coreweave&gh_jid=4680813006	core	Weights & Biases (CoreWeave) | Product Growth Strategist - AI & Engineering
68	https://coreweave.com/careers/job?4647595006&board=coreweave&gh_jid=4647595006	core	Weights & Biases (CoreWeave) | Senior Software Engineer II, AI Workload Orchestration
69	https://coreweave.com/careers/job?4647611006&board=coreweave&gh_jid=4647611006	core	Weights & Biases (CoreWeave) | Senior Software Engineer II, Applied Training
70	https://coreweave.com/careers/job?4609928006&board=coreweave&gh_jid=4609928006	core	Weights & Biases (CoreWeave) | Software Engineer, Inference AI/ML
71	https://coreweave.com/careers/job?4663051006&board=coreweave&gh_jid=4663051006	core	Weights & Biases (CoreWeave) | Sr. Data Scientist - Capacity Data
72	https://job-boards.greenhouse.io/gleanwork/jobs/4605215005	core	Glean | Machine Learning Engineer, AI Assistant & Autonomous AI Agents
73	https://job-boards.greenhouse.io/gleanwork/jobs/4632997005	core	Glean | Machine Learning Engineer, Enterprise Brain
74	https://job-boards.greenhouse.io/gleanwork/jobs/4694716005	core	Glean | Machine Learning Engineer, LLM Evals & Observability
75	https://job-boards.greenhouse.io/gleanwork/jobs/4669417005	core	Glean | Machine Learning Engineer, LLM Evals & Observability
76	https://job-boards.greenhouse.io/gleanwork/jobs/4006735005	core	Glean | Machine Learning Engineer, Search Quality
77	https://job-boards.greenhouse.io/gleanwork/jobs/4616929005	core	Glean | Software Engineer, Agentic Runtime
78	https://job-boards.greenhouse.io/gleanwork/jobs/4501783005	core	Glean | Software Engineer, AI Infrastructure
79	https://job-boards.greenhouse.io/gleanwork/jobs/4605446005	core	Glean | Software Engineer, AI & Security
80	https://job-boards.greenhouse.io/gleanwork/jobs/4012745005	core	Glean | Software Engineer, Machine Learning
81	https://jobs.ashbyhq.com/n8n/d195a389-6af5-4b95-82e5-2258953c7297	core	n8n | Sr AI Engineer | Remote - Europe | TS/Vue/NodeJS
82	https://jobs.ashbyhq.com/zapier/38434b88-086c-424b-8d18-8d006e0b71b8	core	Zapier | Sr. Applied AI Engineer
83	https://jobs.ashbyhq.com/cohere/31c47498-0ccf-4d23-a418-0d2c616ba909	core	Cohere | Member of Technical Staff, MLE (Korea)
84	https://jobs.ashbyhq.com/cohere/6142564c-1e47-48f7-9519-2ce857c92ed9	core	Cohere | Senior Member of Technical Staff, MLE (Middle East)
85	https://jobs.ashbyhq.com/cohere/443368a3-6276-4b90-9671-27fed40fd6d2	core	Cohere | Senior Member of Technical Staff, Multimodal AI
86	https://jobs.ashbyhq.com/cohere/24fe6a0b-6209-4ee0-b622-49c18636d99c	core	Cohere | Member of Technical Staff, Agents Modeling
87	https://jobs.ashbyhq.com/cohere/70a8dc77-ac84-4790-aff6-13b4dcd4554a	core	Cohere | Member of Technical Staff, Agent Code
88	https://jobs.ashbyhq.com/cohere/df93ec57-d51e-4466-93be-4878c5fda4da	core	Cohere | Software Engineer - Applied ML - UK Public Sector
89	https://jobs.ashbyhq.com/cohere/876a2d31-e6c3-497b-9c8e-0b7d111fb4cd	core	Cohere | Member of Technical Staff, MLE (UK/EU)
90	https://jobs.ashbyhq.com/cohere/b9306620-a110-46b5-b4c4-7363e1d03a8d	core	Cohere | Member of Technical Staff - Sovereign AI
91	https://jobs.ashbyhq.com/cohere/c99e61c9-ed92-426d-9711-188dfc0f729f	core	Cohere | Senior ML Systems Engineer, Frameworks & Tooling
92	https://jobs.ashbyhq.com/cohere/a5bbd015-65a9-48a1-aab1-b266bdbc9905	core	Cohere | Senior Software Engineer, Security Agents
93	https://jobs.ashbyhq.com/cohere/1fa01a03-9253-4f62-8f10-0fe368b38cb9	core	Cohere | Applied AI Engineer – Agentic Workflows
94	https://jobs.ashbyhq.com/cohere/110ba167-4efd-43b7-85d2-3ff719a28b0f	core	Cohere | Member of Technical Staff, MLE
95	https://jobs.ashbyhq.com/cohere/a29a310d-074e-46f2-bdad-308d458d4011	core	Cohere | Member of Technical Staff, MLE [Singapore]
96	https://jobs.ashbyhq.com/cohere/9c18b199-cd1f-4ef3-9fab-ce05589348ae	core	Cohere | Applied AI Engineer - Agentic Workflows (Singapore)
97	https://jobs.ashbyhq.com/cohere/031c2335-db85-4265-8a88-a54b911be36a	core	Cohere | Applied AI Engineer – Agentic Workflows (Korea)
98	https://jobs.ashbyhq.com/cohere/70664617-84f6-4ee8-a4f6-4037ebfda9db	core	Cohere | Senior Software Engineer, Agent Infrastructure
99	https://jobs.ashbyhq.com/cohere/1f7cc5e6-5f31-40d8-ad49-fe22c98a3ea4	core	Cohere | Member of Technical Staff, Safety for Agents
100	https://jobs.ashbyhq.com/cohere/9baccd88-c051-474f-bfe8-6867fca54cee	core	Cohere | Data Engineer, Data Foundations
101	https://jobs.ashbyhq.com/langchain/afb91b9b-46d5-4c9d-aa84-a4f1a3f74263	core	LangChain | Senior Frontend Engineer, AI Observability & Evals Platform
102	https://jobs.ashbyhq.com/langchain/a03b3e54-495d-4960-aee7-0194a3cef57d	core	LangChain | Senior Fullstack Engineer,  AI Observability & Evals Platform
103	https://jobs.ashbyhq.com/langchain/ddf92275-1cc3-49c0-9f25-e8ded43b07f6	core	LangChain | FullStack Engineer,  AI Observability & Evals Platform (LangSmith)
104	https://jobs.ashbyhq.com/langchain/f07c1416-f126-4925-8606-5dd7c5a90f6f	core	LangChain | Senior Backend Software Engineer, AI Observability & Evals Platform (LangSmith)
105	https://jobs.ashbyhq.com/langchain/c75915ba-a32b-4e17-873d-19b47564170d	core	LangChain | Fullstack Software Engineer, Applied AI
106	https://job-boards.greenhouse.io/arizeai/jobs/5989512004	core	Arize AI | AI Application Engineer, APJ
107	https://job-boards.greenhouse.io/arizeai/jobs/5993755004	core	Arize AI | AI Solutions Engineer, East
108	https://job-boards.greenhouse.io/arizeai/jobs/5781408004	core	Arize AI | AI Solutions Engineer, EMEA
109	https://job-boards.greenhouse.io/arizeai/jobs/5797408004	core	Arize AI | AI Solutions Engineer, West
110	https://job-boards.greenhouse.io/arizeai/jobs/5978967004	core	Arize AI | Product Solutions Lead, AI Partner Ecosystem
111	https://job-boards.greenhouse.io/arizeai/jobs/5396396004	core	Arize AI | Senior AI Product Engineer, Backend
112	https://job-boards.greenhouse.io/arizeai/jobs/5396420004	core	Arize AI | Senior AI Product Engineer, Fullstack
113	https://job-boards.eu.greenhouse.io/speechmatics/jobs/4660424101	core	Speechmatics | Machine Learning Engineer
114	https://job-boards.eu.greenhouse.io/speechmatics/jobs/4596873101	core	Speechmatics | Senior Machine Learning Engineer
115	https://jobs.ashbyhq.com/glacis-ai/feea2cb6-60db-4afa-8358-ba17d05d1cd5	core	Glacis AI | Founding Software Engineer - Agentic AI (Remote)
116	https://jobs.ashbyhq.com/glacis-ai/796efc69-0c03-45d9-9f54-f3de7bbccde9	core	Glacis AI | Founding Software Engineer - Agentic AI (On-site)
117	https://job-boards.greenhouse.io/later/jobs/8562535002	core	Later | Senior AI Automation Engineer
118	https://boomi.com/boomi-jobs/?gh_jid=5982508004	core	Boomi | Principal Solution Domain Expert, APIM
119	https://boomi.com/boomi-jobs/?gh_jid=5779584004	core	Boomi | Senior Data Engineer - Agentic AI Engineering
120	https://boomi.com/boomi-jobs/?gh_jid=5974115004	core	Boomi | Senior Solutions Engineer- Spain
121	https://boomi.com/boomi-jobs/?gh_jid=5979804004	core	Boomi | Solutions Engineer-RFx & Proposal Strategy-Barcelona, Spain
122	https://jobs.ashbyhq.com/klue/2fdcccfe-6520-4536-a7f3-3acf79829784	core	Klue | Senior Software Engineer, AI
123	https://jobs.ashbyhq.com/klue/98227b52-ff84-440e-a14c-5ad3888f1d10	core	Klue | Software Engineer II, AI
124	https://jobs.ashbyhq.com/klue/83b43f2e-1793-49f6-8928-2efc5aca3b89	core	Klue | Senior Software Engineer, Agents
125	https://jobs.ashbyhq.com/AlephAlpha/2faca6ec-69bd-4e04-b055-05f24ddf0f4d	core	Aleph Alpha | Senior Performance Engineer- Pre-training(f/m/d)
126	https://jobs.ashbyhq.com/AlephAlpha/af5ac8a9-31a7-4017-9cd9-0a8b360ad937	core	Aleph Alpha | Senior AI Engineer – Pre-training Data (f/m/d)
127	https://jobs.ashbyhq.com/AlephAlpha/1963147c-dc27-416e-b432-065295733bef	core	Aleph Alpha | Senior AI Software Engineer - Model Evaluation (f/m/d)
128	https://jobs.ashbyhq.com/AlephAlpha/0ed0c9ef-8e9f-4161-80e6-55fc95c93736	core	Aleph Alpha | Senior AI Software Engineer – Model Training  (f/m/d)
129	https://jobs.ashbyhq.com/attio/98eadaff-4235-4283-baa4-a24d61f5b2ae	core	Attio | Data Engineering Lead
130	https://helsing.ai/jobs/4334849101?gh_jid=4334849101	core	Helsing | AI Research Engineer - AI Safety
131	https://helsing.ai/jobs/4334842101?gh_jid=4334842101	core	Helsing | AI Research Engineer -  Computer Vision
132	https://helsing.ai/jobs/4766708101?gh_jid=4766708101	core	Helsing | AI Research Engineer - Foundation Models
133	https://helsing.ai/jobs/4778869101?gh_jid=4778869101	core	Helsing | AI Research Engineer - ML Engineering
134	https://helsing.ai/jobs/4372802101?gh_jid=4372802101	core	Helsing | AI Research Engineer - ML & Signal Processing
135	https://helsing.ai/jobs/4676357101?gh_jid=4676357101	core	Helsing | AI Research Engineer - Reinforcement Learning
136	https://helsing.ai/jobs/4423924101?gh_jid=4423924101	core	Helsing | AI Research Engineer - Robotics
137	https://helsing.ai/jobs/4865991101?gh_jid=4865991101	core	Helsing | Technical Programme Manager - Air
138	https://job-boards.greenhouse.io/contentful/jobs/7776562	core	Contentful | Senior Backend Engineer - AI Platform (f/m/d)
139	https://job-boards.greenhouse.io/contentful/jobs/7557680	core	Contentful | Senior Software Engineer - Machine Learning (f/m/d)
140	https://job-boards.greenhouse.io/celonis/jobs/7681593003?gh_jid=7681593003	core	Celonis | Applied AI Engineer
141	https://job-boards.greenhouse.io/celonis/jobs/7662738003?gh_jid=7662738003	core	Celonis | Associate Applied AI Engineer (APAC) - Orbit Program
142	https://job-boards.greenhouse.io/celonis/jobs/7662803003?gh_jid=7662803003	core	Celonis | Associate Applied AI Engineer (Benelux) - Orbit Program
143	https://job-boards.greenhouse.io/celonis/jobs/7609987003?gh_jid=7609987003	core	Celonis | Associate Applied AI Engineer (France) - Orbit Program
144	https://job-boards.greenhouse.io/celonis/jobs/7662718003?gh_jid=7662718003	core	Celonis | Associate Applied AI Engineer (Japan) - Orbit Program
145	https://job-boards.greenhouse.io/celonis/jobs/7669112003?gh_jid=7669112003	core	Celonis | Associate Applied AI Engineer (Madrid/Spain) - Orbit Program
146	https://job-boards.greenhouse.io/celonis/jobs/7635342003?gh_jid=7635342003	core	Celonis | Lead Value Engineering - Consumer Packaged Good and Retail
147	https://job-boards.greenhouse.io/celonis/jobs/7731772003?gh_jid=7731772003	core	Celonis | Senior AI Integration & Automation Engineer
148	https://job-boards.greenhouse.io/celonis/jobs/7614505003?gh_jid=7614505003	core	Celonis | Senior Applied AI Engineer (Value Engineering) - EMEA/UKIE
149	https://traderepublic.com/en-de/about?jobId=6322003003&gh_jid=6322003003	core	Trade Republic | Data Scientist – Berlin
150	https://getyourguide.careers/jobs/7594703?gh_jid=7594703	core	GetYourGuide | Senior ML Ops Engineer, AI Platform Team
151	https://n26.com/en-eu/careers/positions/7861627?gh_jid=7861627	core	N26 | Complaints Process Manager (German Market)
152	https://careers.hellofresh.com/global/en/job/7839750?gh_jid=7839750	core	HelloFresh | Data Engineer
153	https://careers.hellofresh.com/global/en/job/7559778?gh_jid=7559778	core	HelloFresh | Data Engineer, Global Data Products
154	https://careers.hellofresh.com/global/en/job/7742572?gh_jid=7742572	core	HelloFresh | Quality and Training Officer
155	https://careers.hellofresh.com/global/en/job/7627764?gh_jid=7627764	core	HelloFresh | Senior Data Scientist, AdTech Tribe, Growth Alliance (f/m/x)
156	https://careers.hellofresh.com/global/en/job/7603810?gh_jid=7603810	core	HelloFresh | Senior Data Scientist, Growth
157	https://careers.hellofresh.com/global/en/job/7618799?gh_jid=7618799	core	HelloFresh | Senior Data Scientist, Growth Alliance (m/f/d)
158	https://careers.hellofresh.com/global/en/job/7610158?gh_jid=7610158	core	HelloFresh | Senior Data Scientist, Risk and Fraud Management, Growth Alliance
159	https://careers.hellofresh.com/global/en/job/7744069?gh_jid=7744069	core	HelloFresh | Senior Machine Learning Engineer, Growth
160	https://careers.hellofresh.com/global/en/job/7963148?gh_jid=7963148	core	HelloFresh | Senior Machine Learning Engineer, Menu Personalization
161	https://careers.hellofresh.com/global/en/job/7793334?gh_jid=7793334	core	HelloFresh | [US-HQ] Retail Product Development Manager
162	https://jobs.ashbyhq.com/lakera.ai/158d9a05-bc1d-49fd-81f1-bf1229e8021f	core	Lakera | Senior ML Engineer (Zürich)
163	https://jobs.ashbyhq.com/lakera.ai/64cd7920-fec3-4e97-8688-e592cc8f5898	core	Lakera | Solutions Engineer (Mumbai)
164	https://jobs.ashbyhq.com/lakera.ai/25b1cf59-fee8-4009-a36f-2b0b83b3cc56	core	Lakera | Software Engineer, Agentic team
165	https://sumup.com/careers/positions/7875334002?gh_jid=7875334002	core	SumUp | Commercial(e) Terrain Freelance – Amiens
166	https://sumup.com/careers/positions/7993293002?gh_jid=7993293002	core	SumUp | Commercial(e) Terrain Indépendant(e)
167	https://sumup.com/careers/positions/7875400002?gh_jid=7875400002	core	SumUp | Commercial(e) Terrain - Indépendant (Freelance)
168	https://sumup.com/careers/positions/8468006002?gh_jid=8468006002	core	SumUp | Senior AI Backend Engineer
169	https://sumup.com/careers/positions/8459126002?gh_jid=8459126002	core	SumUp | Senior Data Science/ML Engineer - Financial Crime
170	https://jobs.ashbyhq.com/cradlebio/cbf8f13a-0606-4553-bc3c-2d18ece58b2a	core	Cradle | Solutions Consultant, Machine Learning
171	https://apply.workable.com/huggingface/jobs/view/81B46579FE	core	Hugging Face | Open-Source Machine Learning Engineer - EMEA Remote
172	https://apply.workable.com/huggingface/jobs/view/19A136F8E2	core	Hugging Face | Open-Source Machine Learning Engineer - US Remote
173	https://job-boards.greenhouse.io/isomorphiclabs/jobs/6011751004	core	Isomorphic Labs | Data Scientist (Analytics), London
174	https://job-boards.greenhouse.io/isomorphiclabs/jobs/5578430004	core	Isomorphic Labs | ML Research Engineer, London
175	https://job-boards.greenhouse.io/isomorphiclabs/jobs/5704870004	core	Isomorphic Labs | Research Scientist (Applied LLMs), London
176	https://job-boards.greenhouse.io/isomorphiclabs/jobs/5837899004	core	Isomorphic Labs | Senior Software Engineer (ML Ops), London
177	https://wayve.firststage.co/jobs?gh_jid=8105900002	core	Wayve | Machine Learning Engineer
178	https://wayve.firststage.co/jobs?gh_jid=8568694002	core	Wayve | Machine Learning Engineer, App SW
179	https://wayve.firststage.co/jobs?gh_jid=8463919002	core	Wayve | Machine Learning Engineer, AV Engineering
180	https://wayve.firststage.co/jobs?gh_jid=8487888002	core	Wayve | Senior Data Scientist
181	https://wayve.firststage.co/jobs?gh_jid=8564970002	core	Wayve | System & Data Scientist
182	https://wayve.firststage.co/jobs?gh_jid=8542296002	core	Wayve | Systems Engineer, AI Validation
183	https://wayve.firststage.co/jobs?gh_jid=8519535002	core	Wayve | Tech Lead, ML Engineer - AV Product engineering
184	https://jobs.ashbyhq.com/synthesia/8a09fe17-c01c-4e35-9394-abd339bbfdf3	core	Synthesia | Senior Research Engineer - Video Foundation Models (Pre - Training)
185	https://jobs.ashbyhq.com/synthesia/46650970-494a-4d4b-ab4b-75c2a3b06daf	core	Synthesia | Senior Data Engineer
186	https://jobs.ashbyhq.com/synthesia/b1f960fd-f07a-4788-8e5c-8a7c62c77fb2	core	Synthesia | Senior ML Engineer, Dubbing
187	https://jobs.ashbyhq.com/synthesia/a40cbbc3-6be7-48a2-b8c7-1f09a1c5aa43	core	Synthesia | Commercial Data Scientist
188	https://jobs.ashbyhq.com/faculty/aafc6889-c160-4172-b5ae-87a3557830d8	core	Faculty | Senior Data Scientist
189	https://jobs.ashbyhq.com/faculty/27e13461-0792-4c98-94e5-a989cf4b8701	core	Faculty | Senior Machine Learning Engineer
190	https://jobs.ashbyhq.com/faculty/4780e35a-8770-4d10-844f-89b429206232	core	Faculty | Senior Machine Learning Engineer
191	https://jobs.ashbyhq.com/faculty/fd216949-66f6-4258-9e52-f2067503b75f	core	Faculty | Data Scientist
192	https://jobs.ashbyhq.com/faculty/168cb0e1-daea-42d5-ac09-e12a61cf72ca	core	Faculty | Machine Learning Engineer
193	https://jobs.ashbyhq.com/faculty/718c905c-e996-429c-bc93-d0c9f2cbd9cc	core	Faculty | Senior Data Scientist
194	http://stability.ai/careers?gh_jid=4712826101	core	Stability AI | Generative AI Inference Engineer
195	https://job-boards.eu.greenhouse.io/physicsx/jobs/4880929101	core	PhysicsX | Data Scientist
196	https://job-boards.eu.greenhouse.io/physicsx/jobs/4749996101	core	PhysicsX | Machine Learning Engineer
197	https://job-boards.eu.greenhouse.io/physicsx/jobs/4652630101	core	PhysicsX | Machine Learning Software Engineer, Research
198	https://job-boards.eu.greenhouse.io/physicsx/jobs/4804807101	core	PhysicsX | Senior AI Engineer - Applied
199	https://job-boards.eu.greenhouse.io/physicsx/jobs/4804805101	core	PhysicsX | Senior AI Engineer - Platform
200	https://job-boards.eu.greenhouse.io/physicsx/jobs/4852973101	core	PhysicsX | Senior Computer Vision Data Scientist
201	https://job-boards.eu.greenhouse.io/physicsx/jobs/4678291101	core	PhysicsX | Senior Machine Learning Engineer
202	https://job-boards.eu.greenhouse.io/physicsx/jobs/4789254101	core	PhysicsX | Senior Simulation Data Engineer
203	https://job-boards.eu.greenhouse.io/physicsx/jobs/4789290101	core	PhysicsX | Senior Software Engineer - AI Workbench
204	https://jobs.ashbyhq.com/causaly/80555fe6-2996-468a-b73b-b65a48f98bdf	core	Causaly | Senior AI Engineer
205	https://jobs.ashbyhq.com/causaly/3605a468-8350-41dd-bbb9-dce11993616f	core	Causaly | Senior Science Liaison, EMEA
206	https://jobs.ashbyhq.com/lovable/9f4963e7-be14-4dd9-99ce-05df2f06e22d	core	Lovable | Software Engineer, Product (Agents / Evals)
207	https://jobs.ashbyhq.com/lovable/22169279-acc3-4133-96ab-6f525b16fc8e	core	Lovable | Data Scientist
208	https://jobs.ashbyhq.com/lovable/e27e931e-79f3-483a-b543-57e42633ac5c	core	Lovable | Software Engineer, Security (AI Code)
209	https://jobs.ashbyhq.com/lovable/9f403111-c1e2-4f05-92a1-5a85cc5c8f61	core	Lovable | Data Scientist, Finance
210	https://jobs.ashbyhq.com/legora/de9eb38b-a743-49e5-9416-a31a1416c542	core	Legora | Data Engineer
211	https://jobs.ashbyhq.com/legora/f81a4b5e-7ef3-4946-a147-f6c0645e98ca	core	Legora | Software Engineer (AI Focus)
212	https://jobs.ashbyhq.com/legora/e4ce19dc-e800-42cd-835f-dcc43b96d004	core	Legora | Software Engineer - AI Enablement & Workplace Technology
213	https://jobs.ashbyhq.com/legora/9eb39786-00eb-46ef-bd6a-878714f55ff3	core	Legora | Senior Data Scientist
214	https://jobs.ashbyhq.com/perplexity/8a976851-9bef-4b07-8d36-567fa9540aef	core	Perplexity | Member of Technical Staff (AI Inference Engineer)
215	https://jobs.ashbyhq.com/perplexity/598e1f7d-b802-4de2-99ac-90eb2bc33315	core	Perplexity | Member of Technical Staff (AI Infrastructure Engineer)
216	https://jobs.ashbyhq.com/perplexity/0190699f-010b-44f2-8399-278899fef018	core	Perplexity | Member of Technical Staff (Machine Learning Engineer, Search)
217	https://jobs.ashbyhq.com/perplexity/3c656963-876a-458d-bca6-916a42a24c1a	core	Perplexity | Member of Technical Staff (Software Engineer, Applied AI)
218	https://jobs.ashbyhq.com/perplexity/a805e14b-061d-469c-9136-b9e6a1855902	core	Perplexity | Member of Technical Staff (Product Data Scientist, Search Quality)
219	https://jobs.ashbyhq.com/perplexity/bc1a6878-8de9-48c2-a791-95b2f8f27261	core	Perplexity | Member of Technical Staff (AI Software Engineer, Agents)
220	https://jobs.ashbyhq.com/perplexity/4615ca06-bea7-47e3-9e57-f5cee52b75e6	core	Perplexity | Member of Technical Staff (Data Scientist, Evals)
221	https://jobs.ashbyhq.com/perplexity/768efd34-3854-4c9b-9686-2a128ab35405	core	Perplexity | Member of Technical Staff (Data Scientist/Engineer, Online Metrics)
222	https://jobs.ashbyhq.com/perplexity/d680e788-14d3-43f6-8ce8-5df486ca32d0	core	Perplexity | Member of Technical Staff (Data Scientist)
223	https://jobs.ashbyhq.com/perplexity/0359ebb4-7cbd-4641-a6d1-1127823e2fd5	core	Perplexity | Member of Technical Staff (AI Policy and Strategic Initiatives)
224	https://jobs.ashbyhq.com/perplexity/1a3df802-9238-4827-ab1f-12a9d1e4b81c	core	Perplexity | Member of Technical Staff (Machine Learning Research Engineer)
225	https://jobs.ashbyhq.com/claylabs/9b008b26-189b-45cf-83d8-fee117d32874	core	Clay Labs | Software Engineer, Developer Experience (AI)
226	https://job-boards.greenhouse.io/hightouch/jobs/5542602004	core	Hightouch | Software Engineer, AI Agents
227	https://job-boards.greenhouse.io/hightouch/jobs/5809895004	core	Hightouch | Software Engineer - AI Productivity
228	https://jobs.ashbyhq.com/workos/5e650527-d8dd-413a-9cfb-d7d68143274b	core	WorkOS | Applied AI Engineer
229	https://jobs.ashbyhq.com/supabase/14a99b8b-444b-4d28-b4fd-6fa8e71bcb4e	core	Supabase | AI Tooling Engineer
230	https://jobs.lever.co/pigment/0aede960-d9cd-45c1-92e4-82e3cb3b2ae2	core	Pigment | Data Engineer (Growth Team)
231	https://jobs.lever.co/pigment/01e58869-2094-4757-9315-b0972eb1d5c1	core	Pigment | Senior AI Scientist
232	https://jobs.lever.co/pigment/39662985-9160-45be-8363-352c69edeeef	core	Pigment | Senior GenAI Engineer
233	https://jobs.lever.co/spotify/4303f795-d0a5-41ed-8c78-0941780b6e54	core	Spotify | Data Engineer – Platform
234	https://jobs.lever.co/spotify/759f6c62-e450-4112-9db6-0c01eef47c76	core	Spotify | Data Scientist
235	https://jobs.lever.co/spotify/71c28dec-d4a1-4e27-bb9b-1dab4a616ce5	core	Spotify | Data Scientist - Platform Mission
236	https://jobs.lever.co/spotify/1bd333fe-a039-4aa7-9a84-941296bbe86b	core	Spotify | Data Scientist - Subscriptions
237	https://jobs.lever.co/spotify/fc593885-54e1-4807-a67c-77c1d3412cec	core	Spotify | Data Scientist II - Platform Mission
238	https://jobs.lever.co/spotify/4a1eac30-5445-4b32-9df9-3d275bb60453	core	Spotify | Data Scientist II - Trust & Safety
239	https://jobs.lever.co/spotify/cb90282e-0917-4219-99fd-8b5d7d5e3050	core	Spotify | Data Scientist II – Performance Optimization Squad
240	https://jobs.lever.co/spotify/a95830ad-c11f-49da-85a7-04ce47ce532c	core	Spotify | Data Scientist, Subscriptions
241	https://jobs.lever.co/spotify/e200d025-4cff-4eb8-afa4-6680e31c43a2	core	Spotify | Machine Learning Engineer
242	https://jobs.lever.co/spotify/dfbf550d-b099-4dd9-9228-15d921e46516	core	Spotify | Machine Learning Engineer - Personalization
243	https://jobs.lever.co/spotify/fd79c3f5-1b2c-47c0-a3c6-4972b559e1c1	core	Spotify | Machine Learning Engineer I, Personalization , Minesweeper
244	https://jobs.lever.co/spotify/de3f6a47-4d75-4512-8351-b362f1d1c32e	core	Spotify | Machine Learning Engineer, Personalization, Minesweeper
245	https://jobs.lever.co/spotify/4972fad1-f3d8-49ef-9d41-d132b5281942	core	Spotify | Machine Learning Engineer, Personalization, Samba
246	https://jobs.lever.co/spotify/159e823e-5a29-4222-94bb-40e97f63cc93	core	Spotify | Senior Machine Learning Engineer - Enrichment & Content Intelligence
247	https://jobs.lever.co/spotify/0efed556-ce1a-455f-8ffc-2e11750ad2c5	core	Spotify | Senior Machine Learning Engineer - Generative UI Platform
248	https://jobs.lever.co/spotify/c322d068-5b59-4658-b618-bb2a032eeb9b	core	Spotify | Senior Machine Learning Engineer - Messaging Platform
249	https://jobs.lever.co/spotify/d126952c-a859-45b9-8b7b-eee85731acb9	core	Spotify | Senior Machine Learning Engineer - Personalization
250	https://jobs.lever.co/spotify/9eca14d3-8e0b-46de-8161-704e07f3d9d0	core	Spotify | Senior Machine Learning Engineer - Policy & Safety
251	https://jobs.lever.co/spotify/3cf07bc7-2b9f-4531-af88-a09cfdf7b3ab	core	Spotify | Senior Machine Learning Engineer, Personalization, Magenta
252	https://jobs.lever.co/spotify/d7c43743-2240-45b6-bc31-33e50cbaba4a	core	Spotify | Senior Machine Learning Engineer, Personalization, Music Understanding
253	https://jobs.lever.co/spotify/2581943f-52cd-4967-b2bd-c1a0354fa422	core	Spotify | Senior Machine Learning Engineer, Personalization, Rewards
254	https://jobs.lever.co/spotify/351ad979-231f-4bee-ae49-8ff55b64f605	core	Spotify | Senior Machine Learning Engineer, Zeitgeist, Personalization
255	https://jobs.lever.co/palantir/16a1b500-13fe-4c22-ad89-372093b462da	core	Palantir | Deal Team - Business Affairs
256	https://jobs.lever.co/mistral/c79ff8ed-6689-4dda-aec6-979a5dc767d0	core	Mistral AI | AI Engineer, Product
257	https://jobs.lever.co/mistral/aceffeba-c4e9-4b3b-adff-e7e78b986c5c	core	Mistral AI | Applied AI Engineer, Fullstack Software Engineer - EMEA
258	https://jobs.lever.co/mistral/3e51d533-1f2d-48e3-9a2b-33fc7e8b0c0c	core	Mistral AI | Applied AI Engineer, ML Infrastructure Engineer / Devops - EMEA
259	https://jobs.lever.co/mistral/ac195fdb-1731-4ce2-b47e-c1bb8c72c59d	core	Mistral AI | Applied AI Engineer, Prototyping
260	https://jobs.lever.co/mistral/e0db3860-0a80-47a8-958a-f8e62f3bb59c	core	Mistral AI | Applied AI, Evaluation Engineer
261	https://jobs.lever.co/mistral/de237900-114c-4e39-aa19-671bb3201eee	core	Mistral AI | Applied AI, Fullstack Software Engineer, Critical and Sovereign Institutions, Paris
262	https://jobs.lever.co/mistral/ede2a7c2-38d8-4e6a-bd76-4ba3819b2fae	core	Mistral AI | Applied Scientist / Domain Expert, AI4Engineering - EMEA
263	https://jobs.lever.co/mistral/249d0ec9-1824-41cb-8c4f-cb17a1d5d111	core	Mistral AI | Applied Scientist / Research Engineer, AI4Engineering - EMEA
264	https://jobs.lever.co/mistral/6f28da96-76f9-44bb-9b85-4e3519fde6d4	core	Mistral AI | Data Engineer
265	https://jobs.lever.co/mistral/bf5bcae2-839b-492e-a5bc-11d4427ee843	core	Mistral AI | Data Scientist
266	https://jobs.lever.co/mistral/ef4c26fc-3fdb-4dd2-a64e-95264ee769dd	core	Mistral AI | Open-Source Software, Machine Learning Engineer
267	https://jobs.lever.co/mistral/bada0014-0f32-4370-b55f-81c5595c7339	core	Mistral AI | Research Engineer, Machine Learning
268	https://jobs.lever.co/mistral/07447e1d-7900-46d4-b61b-186f2f76847f	core	Mistral AI | Research Engineer, Machine Learning - Paris/London/Zurich/Warsaw
269	https://jobs.lever.co/mistral/3eef7a1f-cd9d-430e-ac67-9d52534c346a	core	Mistral AI | Software Engineer, Enterprise Agents
270	https://jobs.ashbyhq.com/agent/e36e9f74-0c4e-47a0-b324-d44bd598307b	core	Agent | AI Engineer
271	https://jobs.ashbyhq.com/tessera-labs/0cb577c2-6cdd-4361-b1af-870ccfc9d792	core	Tessera Labs | AI Agent Engineer
272	https://jobs.ashbyhq.com/arcade-ai/380c2162-63ea-4dfb-a6f0-495785c284dd	core	Arcade | Agent Engineer
273	https://job-boards.greenhouse.io/gitlab/jobs/8556658002	core	GitLab | Senior AI Engineer
274	https://job-boards.greenhouse.io/gitlab/jobs/8517564002	core	GitLab | AI Engineer
275	https://job-boards.greenhouse.io/dataiku/jobs/6002762004	core	Dataiku | Generative AI Engineer
276	https://job-boards.greenhouse.io/assemblyai/jobs/4664764005	core	AssemblyAI | Senior Software Engineer, Machine Learning (EMEA)
277	https://job-boards.greenhouse.io/togetherai/jobs/5093344007	core	Together AI | Senior Platform Engineer, Voice AI
278	https://job-boards.greenhouse.io/jetbrains/jobs/4713663101	core	JetBrains | Senior ML Engineer (Amsterdam/Berlin/Remote)
279	https://job-boards.greenhouse.io/manychat/jobs/8105948002	core	Manychat | Senior Machine Learning Engineer
280	https://job-boards.greenhouse.io/manychat/jobs/8105958002	core	Manychat | Senior Machine Learning Engineer (AI Research Lab)
281	https://jobs.ashbyhq.com/n8n/5d501d74-cb30-4c14-8ff9-508f647b34a9	core	n8n | Senior AI Engineer (Europe Remote)
282	https://jobs.ashbyhq.com/n8n/92208273-951b-4388-935b-037624fe1725	core	n8n | Senior Solutions Engineer (Remote Europe)
283	https://www.workatastartup.com/jobs/76641	core	kapa.ai | Research Engineer, Applied AI
284	https://www.workatastartup.com/jobs/79489	core	Saturn | Founding AI Engineer (London)
285	https://job-boards.greenhouse.io/anthropic/jobs/5139654008	senior	Anthropic | Research Lead, Training Insights
286	https://job-boards.greenhouse.io/anthropic/jobs/5101173008	senior	Anthropic | Staff Software Engineer, AI Reliability Engineering
287	https://job-boards.greenhouse.io/anthropic/jobs/5113224008	senior	Anthropic | Staff + Sr. Software Engineer, AI Reliability
288	https://job-boards.greenhouse.io/intercom/jobs/7725840	senior	Intercom | Principal Engineer, Fin AI Agent
289	https://job-boards.greenhouse.io/intercom/jobs/7271914	senior	Intercom | Staff Machine Learning Scientist
290	https://job-boards.greenhouse.io/intercom/jobs/6654793	senior	Intercom | Staff Machine Learning Scientist
291	https://jobs.ashbyhq.com/decagon/7df0a996-5a9f-496f-9f8b-c302983765b2	senior	Decagon | Staff Software Engineer, Agent Orchestration
292	https://jobs.ashbyhq.com/decagon/2351ca53-b7fd-4835-b967-4ae2b976b5b4	senior	Decagon | Staff Software Engineer, Voice Agent
293	https://coreweave.com/careers/job?4676692006&board=coreweave&gh_jid=4676692006	senior	Weights & Biases (CoreWeave) | Staff AI Security Engineer
294	https://coreweave.com/careers/job?4647586006&board=coreweave&gh_jid=4647586006	senior	Weights & Biases (CoreWeave) | Staff Software Engineer- AI Workload Orchestration
295	https://coreweave.com/careers/job?4647607006&board=coreweave&gh_jid=4647607006	senior	Weights & Biases (CoreWeave) | Staff Software Engineer, Applied Training
296	https://jobs.ashbyhq.com/cohere/86b305e5-84fe-47ab-bc5c-b79a74a63194	senior	Cohere | Member of Technical Staff, Senior/Staff MLE
297	https://jobs.ashbyhq.com/cohere/39cab400-c976-41d9-9002-880ac6985b64	senior	Cohere | Lead Data Scientist
298	https://jobs.ashbyhq.com/langchain/d3f8de08-2e2b-4c3f-be1f-e63ca51f1d93	senior	LangChain | Principal Software Engineer, AI Observability & Evals Platform
299	https://job-boards.greenhouse.io/humeai/jobs/4003488008	senior	Hume AI | Senior/Staff AI Research Engineer
300	https://job-boards.eu.greenhouse.io/speechmatics/jobs/4596807101	senior	Speechmatics | Principal Machine Learning Engineer
301	https://boomi.com/boomi-jobs/?gh_jid=5812487004	senior	Boomi | Principal AI Field Architect
302	https://boomi.com/boomi-jobs/?gh_jid=5786933004	senior	Boomi | Principal Software Engineer - AI
303	https://boomi.com/boomi-jobs/?gh_jid=5790106004	senior	Boomi | Principal Software Engineer. - GenAI
304	https://getyourguide.careers/jobs/7731706?gh_jid=7731706	senior	GetYourGuide | Staff Data Scientist, Growth Data Products
305	https://jobs.ashbyhq.com/lakera.ai/6f04a898-893e-439f-8601-c25a30418c13	senior	Lakera | Staff ML Engineer (Zürich)
306	https://wayve.firststage.co/jobs?gh_jid=8487813002	senior	Wayve | Staff Data Scientist
307	https://wayve.firststage.co/jobs?gh_jid=8562545002	senior	Wayve | Staff Machine Learning Engineer, AV Core
308	https://wayve.firststage.co/jobs?gh_jid=8425279002	senior	Wayve | Staff ML Performance Engineer (Training Efficiency)
309	https://jobs.ashbyhq.com/synthesia/e9c63d3d-13cc-4049-ae0a-5fef402c595b	senior	Synthesia | Principal ML Platform Engineer
310	https://jobs.ashbyhq.com/synthesia/d08a4685-89f9-49e2-b203-1482a3db2c4a	senior	Synthesia | Staff Research Engineer - Video Post Training
311	https://jobs.ashbyhq.com/faculty/c049f0ee-e6fc-43a3-9d45-6dace70ad06a	senior	Faculty | Lead Data Scientist
312	https://jobs.ashbyhq.com/faculty/efa8d13e-5166-4ae2-bf10-b1392afd3528	senior	Faculty | Principal Data Scientist
313	https://jobs.ashbyhq.com/faculty/553927aa-2c38-4257-99af-4c0255327006	senior	Faculty | Lead Machine Learning Engineer
314	https://jobs.ashbyhq.com/faculty/a8ad6158-52b2-46b6-889b-7112d0f3b952	senior	Faculty | Principal Machine Learning Engineer
315	https://jobs.ashbyhq.com/faculty/70340093-7182-4d2c-b0d4-f383190856bf	senior	Faculty | Lead Machine Learning Engineer
316	https://job-boards.eu.greenhouse.io/physicsx/jobs/4804769101	senior	PhysicsX | Principal AI Engineer
317	https://job-boards.eu.greenhouse.io/physicsx/jobs/4749999101	senior	PhysicsX | Principal Machine Learning Engineer
318	https://job-boards.eu.greenhouse.io/physicsx/jobs/4789202101	senior	PhysicsX | Principal Machine Learning Infrastructure Engineer
319	https://job-boards.eu.greenhouse.io/physicsx/jobs/4851342101	senior	PhysicsX | Staff Machine Learning Software Engineer, Research
320	https://jobs.lever.co/qonto/471e0021-d630-4cd1-81c3-2fb2e9dc253c	senior	Qonto | Staff Machine Learning Engineer for AI Product
321	https://jobs.lever.co/spotify/89c966c0-1975-42a1-850d-10fe20e02b05	senior	Spotify | Senior Staff Machine Learning Engineer
322	https://jobs.lever.co/spotify/19649848-0388-4311-a184-067d9ae77cf3	senior	Spotify | Senior Staff Machine Learning Engineer - Agentic Systems
323	https://jobs.lever.co/spotify/499543e3-78e7-473a-8a1d-a82ce9ce9030	senior	Spotify | Senior Staff Machine Learning Engineer - Content Policy & Safety
324	https://jobs.lever.co/spotify/47d4eabf-8d5a-4dab-ac72-de7b5b56841c	senior	Spotify | Senior Staff Machine Learning Engineer, Content Platform
325	https://jobs.lever.co/spotify/736f1827-6b26-4b3b-b8d8-1d754296e033	senior	Spotify | Staff Machine Learning Engineer
326	https://jobs.lever.co/spotify/76458bae-8a16-4c42-8780-f9452206f0e0	senior	Spotify | Staff Machine Learning Engineer - Content Intelligence
327	https://jobs.lever.co/spotify/7d57d7dd-be86-452f-8ff4-9aeb67280262	senior	Spotify | Staff Machine Learning Engineer - Policy & Safety
328	https://job-boards.greenhouse.io/grafanalabs/jobs/5806327004	senior	Grafana Labs | Staff AI Engineer (Canada Remote)
329	https://job-boards.greenhouse.io/nebius/jobs/4381327101	senior	Nebius | Senior / Staff ML Engineer (LLMs and Agentic Systems)
330	https://jobs.ashbyhq.com/elevenlabs/6848ece5-1ce5-4ab4-9dd6-0704cd0f8ecd	fde	ElevenLabs | Deployment Strategist - Spain
331	https://jobs.ashbyhq.com/elevenlabs/7664e3c4-2336-4d1a-90cf-91d1268de10d	fde	ElevenLabs | Forward Deployed Engineer - Software Engineer - Spain
332	https://job-boards.eu.greenhouse.io/polyai/jobs/4796935101	fde	PolyAI | Forward Deployed AI Engineer (Must be PST timezone)
333	https://job-boards.eu.greenhouse.io/polyai/jobs/4880510101	fde	PolyAI | Forward Deployed AI Engineer - Vancouver
334	https://job-boards.greenhouse.io/anthropic/jobs/4985877008	fde	Anthropic | Forward Deployed Engineer, Applied AI
335	https://job-boards.greenhouse.io/anthropic/jobs/4950664008	fde	Anthropic | Partner Solutions Architect, Applied AI
336	https://job-boards.greenhouse.io/anthropic/jobs/5117581008	fde	Anthropic | Solutions Architect, Applied AI
337	https://job-boards.greenhouse.io/airtable/jobs/8409168002	fde	Airtable | AI Agent Architect, Customer Experience
338	https://jobs.ashbyhq.com/decagon/3aa855e4-164b-4246-aaa0-b602339bfe06	fde	Decagon | Director of Customer Engineering, Agent Builder
339	https://jobs.ashbyhq.com/decagon/8c40fb7a-5f25-4112-a1df-f1c22b81042c	fde	Decagon | Customer Engineer, Agent Builder
340	https://jobs.ashbyhq.com/cohere/2d256112-b336-4539-8133-a0bf7f6698f0	fde	Cohere | Forward Deployed Engineer, Agentic Platform (UK/Europe)
341	https://jobs.ashbyhq.com/cohere/b0bcef37-1d20-414f-aade-c54942d63df9	fde	Cohere | Forward Deployed Engineer, Agentic Platform
342	https://jobs.ashbyhq.com/cohere/556467eb-3dc8-46e2-b015-277872210997	fde	Cohere | Forward Deployed Engineer, Sovereign AI
343	https://job-boards.greenhouse.io/blackforestlabs/jobs/4935984008	fde	Black Forest Labs | Forward Deployed Machine Learning Engineer
344	https://helsing.ai/jobs/4516967101?gh_jid=4516967101	fde	Helsing | Deployed AI Engineer
345	https://jobs.ashbyhq.com/perplexity/aa511ea8-96e3-42ba-b28f-5e222170bcee	fde	Perplexity | Member of Technical Staff (Forward Deployed Engineer, Applied AI)
346	https://job-boards.greenhouse.io/hightouch/jobs/5718912004	fde	Hightouch | Forward Deployed Marketing Data Scientist
347	https://jobs.lever.co/palantir/636fc05c-d348-4a06-be51-597cb9e07488	fde	Palantir | Forward Deployed AI Engineer
348	https://jobs.lever.co/mistral/bb02882b-fb2e-4d06-9d5e-bd7654eee8e7	fde	Mistral AI | AI Deployment Strategist - Luxembourg
349	https://jobs.lever.co/mistral/0cde829a-c9b9-4ee1-827f-9bd30c1810fc	fde	Mistral AI | AI Deployment Strategist - Marseille
350	https://jobs.lever.co/mistral/c9e2dbb5-00ed-4096-ba88-ac0bdffb68fd	fde	Mistral AI | AI Deployment Strategist - MENA
351	https://jobs.lever.co/mistral/8f93bac1-1885-41ea-8650-cb5454be97e7	fde	Mistral AI | AI Deployment Strategist - Morocco
352	https://jobs.lever.co/mistral/1937a5af-2c9b-4a75-bb91-b06ebe714dbd	fde	Mistral AI | AI Deployment Strategist - Munich, Germany
353	https://jobs.lever.co/mistral/2aaf4e18-0943-4ebe-914d-cc9e32db8834	fde	Mistral AI | AI Deployment Strategist - Netherlands
354	https://jobs.lever.co/mistral/f9697798-31f8-4809-87b6-05eeb5261353	fde	Mistral AI | AI Deployment Strategist - Paris
355	https://jobs.lever.co/mistral/55c2e8f4-a3ea-4e59-9ccf-dac2fee26c65	fde	Mistral AI | AI Deployment Strategist - Singapore
356	https://jobs.lever.co/mistral/2aaf3b8e-3bee-46b7-9942-70351e63007f	fde	Mistral AI | AI Deployment Strategist - Spain
357	https://jobs.lever.co/mistral/ffbb8f6c-67de-4b25-b37c-0eafd11e7b4f	fde	Mistral AI | AI Deployment Strategist - Sweden
358	https://jobs.lever.co/mistral/e59555e3-899d-4e1e-875f-90b825bc1e28	fde	Mistral AI | AI Deployment Strategist - UK
359	https://jobs.lever.co/mistral/bfcc2d05-141a-49d3-aa4d-20d743ede9d9	fde	Mistral AI | AI Deployment Strategist, AI4Engineering - EMEA
360	https://jobs.lever.co/mistral/d9f2767e-cdab-4e07-9944-20bbc468613d	fde	Mistral AI | AI Deployment Strategist, Cybersecurity - Paris
361	https://jobs.lever.co/mistral/3ec6fd88-fc86-4c2c-bb5d-0c66876ba62d	fde	Mistral AI | AI Deployment Strategist, Defence - Singapore
362	https://jobs.lever.co/mistral/1fe045c3-40c3-4d6c-ad4a-89145f28b9fa	fde	Mistral AI | AI Deployment Strategist, Public Sector - Singapore
363	https://jobs.lever.co/mistral/b2498ec4-51e7-46b7-b258-d9bc40b6e39e	fde	Mistral AI | Applied AI,  Senior/Staff Forward Deployed Machine Learning Engineer - Munich
364	https://jobs.lever.co/mistral/5993e633-2c23-4054-801e-1da4c2adadc5	fde	Mistral AI | Applied AI,  Senior/Staff Forward Deployed Machine Learning Engineer - Singapore
365	https://jobs.lever.co/mistral/77f6fd1b-65cf-45d8-9b68-594c62732f62	fde	Mistral AI | Applied AI, Forward Deployed Machine Learning Engineer - EMEA
366	https://jobs.lever.co/mistral/a73cb128-b07e-437c-b82d-57b06661c52b	fde	Mistral AI | Applied AI, Forward Deployed Machine Learning Engineer - Montreal
367	https://jobs.lever.co/mistral/cb2137e6-d6b1-47d7-8450-6370a61f2b79	fde	Mistral AI | Applied AI, Forward Deployed Machine Learning Engineer - Morocco
368	https://jobs.lever.co/mistral/aff9f13c-e79f-4d66-98b1-f62dd1c552cd	fde	Mistral AI | Applied AI, Forward Deployed Machine Learning Engineer - Munich
369	https://jobs.lever.co/mistral/0b476d3a-5f0c-4dda-9a5e-bd5ed8515328	fde	Mistral AI | Applied AI, Forward Deployed Machine Learning Engineer - Palo Alto
370	https://jobs.lever.co/mistral/6fc7ccb5-47bb-4eab-aea0-55929403315d	fde	Mistral AI | Applied AI, Forward Deployed Machine Learning Engineer- Singapore
371	https://jobs.lever.co/mistral/c7b7fdfe-a071-4d62-bc15-7bcdff8067e7	fde	Mistral AI | Applied AI, Forward Deployed Machine Learning Engineer, Critical and Sovereign Institutions, EMEA
372	https://jobs.lever.co/mistral/ebfdc0da-13fd-4ae9-9861-bedb5ff493ea	fde	Mistral AI | Applied AI, Technical Lead - Forward Deployed AI Engineer
373	https://jobs.lever.co/mistral/cb2986cc-4768-40b9-9d67-e53d78b247dc	fde	Mistral AI | Applied AI, Technical Lead, Forward Deployed AI Engineer - Abu Dhabi
374	https://jobs.lever.co/mistral/e2cf255f-49c8-4630-afe0-7f665f51f01f	fde	Mistral AI | Applied AI, Technical Lead, Forward Deployed AI Engineer - EMEA
375	https://jobs.lever.co/mistral/042d7b29-279b-48e2-a44b-c7bdc3180dab	fde	Mistral AI | Applied AI, Technical Lead, Forward Deployed AI Engineer - Montreal
376	https://jobs.lever.co/mistral/45b0fae3-61ea-4cb0-8cd1-c1bc2a43a84a	fde	Mistral AI | Applied AI, Technical Lead, Forward Deployed AI Engineer - Munich
377	https://jobs.lever.co/mistral/4d689780-4995-4fe5-9b7e-e8c28a180397	fde	Mistral AI | Associate AI Deployment Strategist
378	https://jobs.lever.co/mistral/9808a516-afa8-49a4-93e2-dfc6c616ea0b	fde	Mistral AI | Senior AI Deployment Strategist - Melbourne, Canberra
379	https://jobs.lever.co/mistral/0004f890-99d5-47c5-bb67-8f3f76a1e08f	fde	Mistral AI | Senior AI Deployment Strategist - Paris
380	https://jobs.lever.co/mistral/1e51a251-94cd-486e-8992-93024840412e	fde	Mistral AI | Senior/Principal AI Deployment Strategist - Seoul
381	https://jobs.ashbyhq.com/adaptive-ml/360ea776-27f1-4869-900f-6ebb78267aa2	fde	Adaptive ML | Forward Deployed AI Engineer
382	https://jobs.ashbyhq.com/baseten/84c1801c-1a65-49fb-aaaa-beeafd530e7e	fde	Baseten | Forward Deployed Engineer
383	https://jobs.ashbyhq.com/owkin/306c60e3-9ecf-40a1-b82a-16976bcfef87	fde	Owkin | Forward Deployed Engineer
384	https://jobs.ashbyhq.com/owkin/d2467bc5-6e95-4a4f-8164-061e0262ab19	fde	Owkin | Senior Forward Deployed Engineer
385	https://jobs.ashbyhq.com/periodic-labs/dbac407f-a408-44a3-9e7a-895d42649edc	fde	Periodic Labs | Forward Deployed Engineer - LLM Systems
386	https://jobs.ashbyhq.com/lorikeet/0c72da73-cd31-4702-b9f1-c26b20932702	fde	Lorikeet | Forward Deployed AI Engineer
387	https://jobs.ashbyhq.com/camunda/987fb6e0-1e22-45e5-b152-57acbcb59cb2	fde	Camunda | AI Process Forward Deployed Engineer
388	https://jobs.ashbyhq.com/langchain/0a5dd30c-6da1-4095-bd96-b16f27eeb333	fde	LangChain | Solutions Architect (Remote)
389	https://jobs.ashbyhq.com/lavendo/f0374fa5-f8b8-4f42-b6fb-898721ef6a10	fde	Lavendo | Solutions Architect – AI Agents Deployment
390	https://jobs.ashbyhq.com/openai/bf036b23-cd23-46d0-a02f-4b1483f4698a	fde	OpenAI | Solutions Architect
391	https://jobs.ashbyhq.com/openai/6bacc51d-6580-4089-93ca-7df3bce4b635	fde	OpenAI | Solutions Architect, Generative AI Deployment
392	https://job-boards.greenhouse.io/assemblyai/jobs/4693817005	fde	AssemblyAI | Forward Deployed Engineer, Onboarding
393	https://job-boards.greenhouse.io/cresta/jobs/5097513008	fde	Cresta | Forward Deployed Engineer (AI Agent) - EMEA
394	https://job-boards.greenhouse.io/cresta/jobs/4759347008	fde	Cresta | Senior Forward Deployed Engineer (AI Agent)
395	https://job-boards.greenhouse.io/cresta/jobs/5107283008	fde	Cresta | Forward Deployed Engineer (AI Agent)
396	https://job-boards.greenhouse.io/runpod/jobs/5082425008	fde	RunPod | Forward Deployed Engineer (EMEA)
397	https://jobs.ashbyhq.com/dash0/1937975c-df33-47e9-b6ae-e9d446bdfc1f	fde	Dash0 | Forward Deployed Engineer - EMEA
398	https://job-boards.greenhouse.io/xai/jobs/4701523007	fde	xAI | Forward Deployed AI Engineer - Enterprise
399	https://job-boards.greenhouse.io/speechify/jobs/5979996004	fde	Speechify | Forward Deployment Engineer
400	https://jobs.ashbyhq.com/databricks/5620577413	fde	Databricks | AI Engineer - FDE (Forward Deployed Engineer)
401	https://jobs.ashbyhq.com/bland/2e815d0d-8e7a-43cc-8853-c1b029aeb499	manual	Machine Learning Researcher, Audio
402	https://jobs.ashbyhq.com/bland/681dfcda-f016-4bda-826e-7e813fae0083	manual	Machine Learning Researcher, Multimodal LLMs
403	https://jobs.ashbyhq.com/vapi/adbc573f-7267-491e-8671-4d5470238aae	manual	Agent Strategist - SF
404	https://jobs.ashbyhq.com/vapi/6d2c731b-64be-45cc-87c8-f6330d29b7f4	manual	Product Manager - Enterprise & Governance Agents
405	https://jobs.ashbyhq.com/vapi/7adb10b2-1234-4e4c-b132-f990a91de048	manual	Agent Engineer - NY
406	https://jobs.ashbyhq.com/vapi/72ec9643-39c2-47ae-b04e-cba4e02b0966	manual	Agent Strategist - NYC
407	https://jobs.ashbyhq.com/elevenlabs/1034a604-b714-428b-a9fd-fa8c0cd795cf	manual	Enterprise Account Executive - Spain
408	https://jobs.ashbyhq.com/elevenlabs/3178581d-ea70-4dee-b018-2ce2d2a18bbe	manual	AI Creative Producer
409	https://jobs.ashbyhq.com/elevenlabs/78f45556-04cc-4f08-abb2-18e639ed9343	manual	B2B Growth Marketing - Agents
410	https://jobs.ashbyhq.com/elevenlabs/f2ae7fe0-67da-48ae-b126-b942899ec7e9	manual	Product Marketing - Agents
411	https://jobs.ashbyhq.com/elevenlabs/b8af4833-d4a9-4ab4-baec-5da007f6d1e9	manual	General Manager - Spain
412	https://jobs.ashbyhq.com/deepgram/7cf277bc-a192-4007-a77a-fafbf8276a5e	manual	Research Staff, Voice AI Foundations
413	https://jobs.ashbyhq.com/deepgram/9e9ceef6-e22c-4157-906c-91b2da8e22ae	manual	Enterprise Account Executive - AI Platform (B2B Saas/Restaurant Tech Vertical)
414	https://jobs.ashbyhq.com/deepgram/fdb4073a-4c1c-48d6-b6d5-f407d3e78d17	manual	Research Staff, Data Science
415	https://jobs.ashbyhq.com/deepgram/39c2b79b-0269-4711-9354-be5ccf747a98	manual	Research Staff, LLMs
416	https://jobs.ashbyhq.com/deepgram/ff392127-1eb6-4fc7-838e-a3243923ba76	manual	Systems Architect AI/ML Infrastructure
417	https://jobs.ashbyhq.com/deepgram/78b98232-e0f1-4635-bb78-0303c691d21e	manual	Senior AI Community Engineer
418	https://job-boards.eu.greenhouse.io/polyai/jobs/4802138101	manual	Agent Designer
419	https://job-boards.greenhouse.io/anthropic/jobs/4461450008	manual	Account Executive, AI Native 
420	https://job-boards.greenhouse.io/anthropic/jobs/5208218008	manual	AI Compliance Officer
421	https://job-boards.greenhouse.io/anthropic/jobs/5125387008	manual	Analytics Data Engineering Manager, Product
422	https://job-boards.greenhouse.io/anthropic/jobs/5226862008	manual	Applied AI Architect, Applied AI (Digital Natives Business)
423	https://job-boards.greenhouse.io/anthropic/jobs/5192805008	manual	Applied AI Architect, Commercial
424	https://job-boards.greenhouse.io/anthropic/jobs/5065835008	manual	Applied AI Architect, Enterprise Tech
425	https://job-boards.greenhouse.io/anthropic/jobs/5079540008	manual	Applied AI Architect, Federal Civilian
426	https://job-boards.greenhouse.io/anthropic/jobs/5140405008	manual	Applied AI Architect, Government Technology
427	https://job-boards.greenhouse.io/anthropic/jobs/4461444008	manual	Applied AI Architect, Industries
428	https://job-boards.greenhouse.io/anthropic/jobs/5204086008	manual	Applied AI Architect, Industries 
429	https://job-boards.greenhouse.io/anthropic/jobs/5079511008	manual	Applied AI Architect, National Security
430	https://job-boards.greenhouse.io/anthropic/jobs/5161728008	manual	Applied AI Architect, Partnerships
431	https://job-boards.greenhouse.io/anthropic/jobs/5227643008	manual	Applied AI Architect (Public Sector) 
432	https://job-boards.greenhouse.io/anthropic/jobs/5228931008	manual	Applied AI Architect (Startups)
433	https://job-boards.greenhouse.io/anthropic/jobs/5057258008	manual	Applied AI Architect, Startups
434	https://job-boards.greenhouse.io/anthropic/jobs/5140403008	manual	Applied AI Architect, State and Local Government
435	https://job-boards.greenhouse.io/anthropic/jobs/5116927008	manual	Applied AI Claude Evangelist, Startups
436	https://job-boards.greenhouse.io/anthropic/jobs/5097186008	manual	Design Engineer, AI Capability Development (Education Labs)
437	https://job-boards.greenhouse.io/anthropic/jobs/5079916008	manual	Emerging Account Executive, AI Native
438	https://job-boards.greenhouse.io/anthropic/jobs/5159608008	manual	Engineering Manager, Agent Prompts & Evals
439	https://job-boards.greenhouse.io/anthropic/jobs/4741104008	manual	Engineering Manager, GPU (ML Accelerator)
440	https://job-boards.greenhouse.io/anthropic/jobs/5218573008	manual	Enterprise Account Executive - Retail
441	https://job-boards.greenhouse.io/anthropic/jobs/5104754008	manual	Enterprise Account Executive, Retail
442	https://job-boards.greenhouse.io/anthropic/jobs/5192104008	manual	Global Applied AI Architecture Lead, Beneficial Deployments
443	https://job-boards.greenhouse.io/anthropic/jobs/4423394008	manual	Growth Account Executive, AI Native
444	https://job-boards.greenhouse.io/anthropic/jobs/5184077008	manual	Head of ANZ, Applied AI
445	https://job-boards.greenhouse.io/anthropic/jobs/4952051008	manual	Machine Learning Systems Engineer, RL Engineering
446	https://job-boards.greenhouse.io/anthropic/jobs/4880880008	manual	Manager, Account Executive (AI Native)
447	https://job-boards.greenhouse.io/anthropic/jobs/4976328008	manual	Manager– Growth Sales (AI-Native)
448	https://job-boards.greenhouse.io/anthropic/jobs/5197538008	manual	Manager of Applied AI Architecture, Enterprise Tech (Cyber)
449	https://job-boards.greenhouse.io/anthropic/jobs/5173031008	manual	Manager of Applied AI Architecture, Partnerships
450	https://job-boards.greenhouse.io/anthropic/jobs/5230755008	manual	Manager of Applied AI Architecture, Startups
451	https://job-boards.greenhouse.io/anthropic/jobs/5222289008	manual	Manager of Solutions Architecture, Applied AI (Enterprise Tech)
452	https://job-boards.greenhouse.io/anthropic/jobs/5232392008	manual	Member of Staff, AI & Rule of Law
453	https://job-boards.greenhouse.io/anthropic/jobs/5119713008	manual	Research Engineer, Pretraining
454	https://job-boards.greenhouse.io/anthropic/jobs/4938432008	manual	Research Engineer, Pretraining Scaling
455	https://job-boards.greenhouse.io/anthropic/jobs/4938436008	manual	Research Engineer, Pretraining Scaling - London
456	https://job-boards.greenhouse.io/anthropic/jobs/4613592008	manual	Research Engineer, Production Model Post-Training
457	https://job-boards.greenhouse.io/anthropic/jobs/5135168008	manual	Research Engineer / Research Scientist, Pre-training
458	https://job-boards.greenhouse.io/anthropic/jobs/4616971008	manual	Research Engineer/Research Scientist, Pre-training
459	https://job-boards.greenhouse.io/anthropic/jobs/5026097008	manual	Staff UI Software Engineer, Claude.ai Consumer Product 
460	https://job-boards.greenhouse.io/anthropic/jobs/5149802008	manual	Transformative AI Research Economist, Economic Research 
461	https://job-boards.greenhouse.io/intercom/jobs/7583124	manual	Account Executive, Emerging AI Products
462	https://job-boards.greenhouse.io/intercom/jobs/7948297	manual	Business Development Representative, Emerging AI Products 
